<?xml version="1.0" encoding="UTF-8"?>
<project-private xmlns="http://www.netbeans.org/ns/project-private/1">
    <editor-bookmarks xmlns="http://www.netbeans.org/ns/editor-bookmarks/2" lastBookmarkId="0"/>
    <open-files xmlns="http://www.netbeans.org/ns/projectui-open-files/2">
        <group>
            <file>file:/home/matheus/Documentos/POO1/trabalhopoo/src/trabalhopoo/jogadorInterface.java</file>
            <file>file:/home/matheus/Documentos/POO1/trabalhopoo/src/trabalhopoo/Trabalhopoo.java</file>
            <file>file:/home/matheus/Documentos/POO1/trabalhopoo/src/trabalhopoo/Interface.java</file>
            <file>file:/home/matheus/Documentos/POO1/trabalhopoo/src/trabalhopoo/Carta.java</file>
            <file>file:/home/matheus/Documentos/POO1/trabalhopoo/src/trabalhopoo/Baralho.java</file>
            <file>file:/home/matheus/Documentos/POO1/trabalhopoo/src/trabalhopoo/Jogo.java</file>
            <file>file:/home/matheus/Documentos/POO1/trabalhopoo/src/trabalhopoo/Jogador.java</file>
        </group>
    </open-files>
</project-private>
